TEAM_ABBREVIATION	COMMENT
	Utah Jazz Vs Atlanta Hawks
	With trae out watch those assists creeping up 7 last game 6 today, if hawks were in 6 seed the mip buzz would be there with Maxey and sixers fading
	ğŸ¤£ğŸ˜‚ğŸ˜‚ğŸ˜‚ğŸ˜‚ğŸ˜‚ğŸ¤£ğŸ¤£ğŸ¤£ğŸ˜‚
	Jalen Johnson
	Way to Step Up!
	The Illuminati bring together individuals of goodwill and goodwill, regardless of their differences and backgrounds, and ensure that these good men become better in society.  This is the fellowship's main objective is to ensure that all of these indiviâ€¦ WyÅ›wietl wiÄ™cej
	CongratulationsğŸ’¯ğŸ’¯ğŸ’¯
	Ainâ€™t nothing wrong with making $10,000 a week sports betting donâ€™t let social media get you greedy now your chasing all these odds $10,000 a week at home is GREAT INCOME @Daddyrisky1
	á´€á´ sá´ Êœá´€á´˜á´˜Ê Éª É´á´‡á´ á´‡Ê€ Ê™á´‡ÊŸÉªá´‡á´ á´‡ á´›Êœá´€á´› á´Ê á´‡x ÊŸá´á´ á´‡Ê€ á´¡ÉªÊŸÊŸ á´„á´á´á´‡ Ê™á´€á´„á´‹ á´›á´ á´á´‡ á´€É¢á´€ÉªÉ´ á´…á´‡sá´˜Éªá´›á´‡ á´€ÊŸÊŸ á´›Êœá´€á´› Êœá´€á´˜á´˜á´‡É´ Ê™á´‡á´›á´¡á´‡á´‡É´ Ê™á´á´›Êœ á´Ò“ á´œs á´˜Ê€Éªá´‡sá´› Êá´á´œ á´€Ê€á´‡ á´›Ê€á´œÊŸÊ sá´‡É´á´› Ê™Ê Êá´á´œÊ€ É¢á´á´…s á´€á´ sá´ Êœá´€á´˜á´˜Ê á´€É¢á´€ÉªÉ´ á´›Êœá´€É´á´‹ Êá´á´œâ¤µï¸â¤µï¸
	Have you been looking for a way to improve your trading skills and make changes to how you earn, if you're a newbie this opportunity will serve better and it will be nice to introduce Luke Maxwell  to you
	ğ‘©ğ‘¬ ğ‘¨ğ‘´ğ‘¶ğ‘µğ‘® ğ‘»ğ‘¯ğ‘¬ ğ‘­ğ‘°ğ‘¹ğ‘ºğ‘»  5 ğ‘·ğ‘¬ğ‘¶ğ‘·ğ‘³ğ‘¬ ğ‘»ğ‘¶ ğ‘´ğ‘¨ğ‘²ğ‘¬ $10ğ‘² ğ‘¶ğ‘½ğ‘¬ğ‘¹ğ‘µğ‘°ğ‘®ğ‘¯ğ‘»
	Friend hurry &amp; buy a PUMA ForeverRun NITROâ„¢ Running Shoes Men (Red) now! https://s.lazada.com.ph/s.jl7kE?cc â¤ï¸
